{"properties":{"connectionReferences":{"shared_commondataserviceforapps":{"runtimeSource":"embedded","connection":{},"api":{"name":"shared_commondataserviceforapps"}}},"definition":{"$schema":"https://schema.management.azure.com/providers/Microsoft.Logic/schemas/2016-06-01/workflowdefinition.json#","contentVersion":"1.0.0.0","parameters":{"$connections":{"defaultValue":{},"type":"Object"},"$authentication":{"defaultValue":{},"type":"SecureObject"},"aibuilder.modelId":{"defaultValue":"","type":"String"}},"triggers":{"When_a_row_is_created,_updated_or_deleted":{"type":"OpenApiConnectionWebhook","inputs":{"host":{"connectionName":"shared_commondataserviceforapps","operationId":"SubscribeWebhookTrigger","apiId":"/providers/Microsoft.PowerApps/apis/shared_commondataserviceforapps"},"parameters":{"subscriptionRequest/message":1,"subscriptionRequest/entityname":"gppb_snapshot","subscriptionRequest/scope":4},"authentication":"@parameters('$authentication')"}}},"actions":{"Apply_to_each":{"foreach":"@outputs('Predict_Age')?['body/responsev2/predictionOutput/results']","actions":{"Create_a_new_Person_row":{"runAfter":{},"type":"OpenApiConnection","inputs":{"host":{"connectionName":"shared_commondataserviceforapps","operationId":"CreateRecord","apiId":"/providers/Microsoft.PowerApps/apis/shared_commondataserviceforapps"},"parameters":{"entityName":"gppb_persons","item/gppb_agetest":"@items('Apply_to_each')?['tagName']","item/gppb_ageaccuracy":"@items('Apply_to_each')?['confidence']"},"authentication":"@parameters('$authentication')"}}},"runAfter":{"Predict_Gender":["Succeeded"]},"type":"Foreach","description":"For each of the results returned, you need to fetch the tag name from the Common Data Service (CDS). Tag are stored into the AI Object Detection Labels entity."},"Get_file_or_image_content":{"runAfter":{},"type":"OpenApiConnection","inputs":{"host":{"connectionName":"shared_commondataserviceforapps","operationId":"GetEntityFileImageFieldContent","apiId":"/providers/Microsoft.PowerApps/apis/shared_commondataserviceforapps"},"parameters":{"entityName":"gppb_snapshots","recordId":"@triggerOutputs()?['body/gppb_snapshotid']","fileImageFieldName":"gppb_image"},"authentication":"@parameters('$authentication')"}},"Predict_Age":{"runAfter":{"Get_file_or_image_content":["Succeeded"]},"type":"OpenApiConnection","inputs":{"host":{"connectionName":"shared_commondataserviceforapps","operationId":"PredictV2","apiId":"/providers/Microsoft.PowerApps/apis/shared_commondataserviceforapps"},"parameters":{"recordId":"e04d3a19-fc91-48af-915b-ea22b8f90d7a","item/requestv2/base64Encoded":"@outputs('Get_file_or_image_content')?['body']"},"authentication":"@parameters('$authentication')"},"description":"This action will tag objects in the images you upload using the AI Builder Object Detection model you have trained. Don’t have a  model? Learn how to create one at http://aka.ms/LearnObjectDetection You can then add successive steps "},"Predict_Gender":{"runAfter":{"Predict_Age":["Succeeded"]},"metadata":{"flowSystemMetadata":{"portalOperationId":"aibuilderpredict","portalOperationGroup":"aibuilder","portalOperationApiDisplayNameOverride":"AI Builder","portalOperationIconOverride":"https://psuxaustralia.azureedge.net/Content/Images/DesignerOperations/aiBuilder.png","portalOperationBrandColorOverride":"#742775","portalOperationApiTierOverride":"Standard"}},"type":"OpenApiConnection","inputs":{"host":{"connectionName":"shared_commondataserviceforapps","operationId":"aibuilderpredict","apiId":"/providers/Microsoft.PowerApps/apis/shared_commondataserviceforapps"},"parameters":{"recordId":"6750899f-7ed3-4c08-9ed3-d927e2b000f2","item/requestv2/base64Encoded":"@outputs('Get_file_or_image_content')?['body']"},"authentication":"@parameters('$authentication')"}},"Advanced_Scope":{"actions":{"Age_tagName":{"runAfter":{},"type":"Compose","inputs":"@outputs('Predict_Age')?['body/responsev2/predictionOutput/results'][0]?['tagName']"},"Gender_tagName":{"runAfter":{"Age_confidence":["Succeeded"]},"type":"Compose","inputs":"@outputs('Predict_Gender')?['body/responsev2/predictionOutput/results'][0]?['tagName']"},"Age_confidence":{"runAfter":{"Age_tagName":["Succeeded"]},"type":"Compose","inputs":"@outputs('Predict_Age')?['body/responsev2/predictionOutput/results'][0]?['confidence']"},"Gender_confidence":{"runAfter":{"If_function":["Succeeded"]},"type":"Compose","inputs":"@outputs('Predict_Gender')?['body/responsev2/predictionOutput/results'][0]?['confidence']"},"If_function":{"runAfter":{"Gender_tagName":["Succeeded"]},"type":"Compose","inputs":"@if(equals(outputs('Predict_Gender')?['body/responsev2/predictionOutput/results'][0]?['tagName'],'Male'),141870000, 141870001)","description":"To identify the value to use for the Choices column"},"Create_a_new_Person_row_ADVANCED":{"runAfter":{"Gender_confidence":["Succeeded"]},"type":"OpenApiConnection","inputs":{"host":{"connectionName":"shared_commondataserviceforapps","operationId":"CreateRecord","apiId":"/providers/Microsoft.PowerApps/apis/shared_commondataserviceforapps"},"parameters":{"entityName":"gppb_persons","item/gppb_agetest":"@outputs('Predict_Age')?['body/responsev2/predictionOutput/results'][0]?['tagName']","item/gppb_ageaccuracy":"@outputs('Predict_Age')?['body/responsev2/predictionOutput/results'][0]?['confidence']","item/gppb_gender":"@if(equals(outputs('Predict_Gender')?['body/responsev2/predictionOutput/results'][0]?['tagName'],'Male'),141870000, 141870001)","item/gppb_genderaccuracy":"@outputs('Predict_Gender')?['body/responsev2/predictionOutput/results'][0]?['confidence']"},"authentication":"@parameters('$authentication')"}}},"runAfter":{"Apply_to_each":["Succeeded"]},"type":"Scope"}}}},"schemaVersion":"1.0.0.0"}